subsystem,feature,c_reference,rust_reference,status,notes
init,psync_set_alloc,pclsync/psynclib.h:589,,Rejected,"allocator override is a legacy C-runtime hook; Rust uses the global allocator and does not expose this surface"
init,psync_init,pclsync/psynclib.h:591,crates/pcloud-daemon/src/bootstrap.rs,Implemented,"daemon bootstrap performs equivalent init of store/runtime/IPC"
init,psync_set_database_path,pclsync/psynclib.h:588,crates/pcloud-daemon/src/bootstrap.rs,Implemented,"store path configured via daemon config"
init,psync_set_notification_callback,pclsync/psynclib.h:594,,Rejected,"C notification callback pattern replaced by structured event log / IPC notifications in Rust"
init,psync_init_data_event_handler,pclsync/psynclib.h:1606,,Rejected,"C callback registration not mirrored; Rust uses typed event subscriptions"
init,psync_destroy,pclsync/psynclib.h:599,crates/pcloud-daemon/src/runtime.rs,Implemented,"equivalent shutdown path via daemon finalize"
notifications,psync_get_notifications,pclsync/psynclib.h:596,crates/pcloud-proto/src/notifications_api.rs:80 + crates/pcloud-backends/src/notifications_backend.rs:143 + crates/pcloud-sdk/src/lib.rs:754,Implemented,"SDK list_notifications() + daemon Method::ListNotifications; dedicated listnotifications endpoint (C served from diff cache)"
notifications,psync_mark_notificaitons_read,pclsync/psynclib.h:597,crates/pcloud-proto/src/notifications_api.rs:108 + crates/pcloud-backends/src/notifications_backend.rs:175 + crates/pcloud-sdk/src/lib.rs:778,Implemented,"SDK mark_notifications_read() + daemon Request::MarkNotificationsRead; wire command readnotifications with notificationid parameter preserved verbatim from C"
state,psync_download_state,pclsync/psynclib.h:598,,Rejected,"C body is a stub: `uint32_t psync_download_state() { return 0; }` at pclsync/psynclib.c:252 — ghost declaration; Rust transfer runtime exposes real per-transfer state via IPC, so this API is not carried forward"
state,psync_get_status,pclsync/psynclib.h:604,crates/pcloud-daemon/src/runtime.rs:1008,Implemented,"pending/status reporting via CLI status/pending (crypto_status at runtime.rs:1008; pending_transfers at runtime.rs:1406) — wave-5 citation refresh"
state,psync_get_last_error,pclsync/psynclib.h:756,,Rejected,"global errno-style handle not carried; Rust returns typed Result errors"
state,psync_network_exception,pclsync/psynclib.h:947,,Rejected,"global network-exception hook replaced by typed transport errors"
auth,psync_get_username,pclsync/psynclib.h:614,crates/pcloud-backends/src/auth_backend.rs + crates/pcloud-sdk/src/lib.rs,Implemented,"SDK exposes EmbeddedDaemon::username()"
auth,psync_set_user_pass,pclsync/psynclib.h:618,crates/pcloud-proto/src/auth_api.rs:115,Implemented,"live verified password auth"
auth,psync_set_pass,pclsync/psynclib.h:619,crates/pcloud-backends/src/auth_backend.rs,Implemented,"password update path via login"
auth,psync_set_auth,pclsync/psynclib.h:620,crates/pcloud-auth/src/orchestrator.rs:39,Implemented,"token auth path"
auth,psync_logout,pclsync/psynclib.h:621,crates/pcloud-backends/src/auth_backend.rs + crates/pcloud-sdk/src/lib.rs,Implemented,"clears session and persisted account state; SDK exposes EmbeddedDaemon::logout()"
auth,psync_unlink,pclsync/psynclib.h:622,crates/pcloud-backends/src/auth_backend.rs + crates/pcloud-sdk/src/lib.rs,Implemented,"equivalent unlink/logout path via EmbeddedDaemon::logout()"
auth,psync_tfa_send_sms,pclsync/psynclib.h:627,crates/pcloud-auth/src/orchestrator.rs:248 + crates/pcloud-sdk/src/lib.rs,Implemented,"live verified; SDK exposes EmbeddedDaemon::send_two_factor_sms()"
auth,psync_tfa_set_code,pclsync/psynclib.h:628,crates/pcloud-auth/src/orchestrator.rs:119 + crates/pcloud-sdk/src/lib.rs,Implemented,"live verified; SDK exposes EmbeddedDaemon::submit_two_factor_code()"
auth,psync_tfa_send_nofification,pclsync/psynclib.h:630,crates/pcloud-auth/src/orchestrator.rs:262 + crates/pcloud-sdk/src/lib.rs,Implemented,"live verified; SDK exposes EmbeddedDaemon::send_two_factor_notification()"
auth,psync_tfa_has_devices,pclsync/psynclib.h:635,,Rejected,"Audit 06 ncx.4: adaptive-TFA-UI introspection helper has no enterprise Rust analog — the retained path drives TFA directly via send_two_factor_sms (returns phone data) and send_two_factor_notification (returns LoggedDevice list), so the same server-side information is delivered in-band with the resend call. A separate pre-flight 'has_devices' probe would duplicate wire traffic for a C-desktop-UI affordance not carried forward. See REJECTED-RATIONALES-14042026.md#row-23."
auth,psync_tfa_type,pclsync/psynclib.h:638,,Rejected,"Audit 06 ncx.4: the retained Rust path exposes TFA method selection through the explicit send_two_factor_sms / send_two_factor_notification endpoints plus submit_two_factor_code (which accepts sms, device-notification, TOTP, or recovery code). Method dispatch is caller-driven on the secure IPC/CLI path, not server-probed. C's psync_tfa_type is a desktop-UI helper with no functional analog in a daemon-over-IPC surface. See REJECTED-RATIONALES-14042026.md#row-24."
auth,psync_tfa_send_nofification_res,pclsync/psynclib.h:670,crates/pcloud-auth/src/orchestrator.rs,Implemented,"recovery-code/notification resend variant"
auth,psync_get_auth_string,pclsync/psynclib.h:846,crates/pcloud-daemon/src/auth_vault.rs + crates/pcloud-sdk/src/lib.rs,Implemented,"auth vault returns token; SDK exposes EmbeddedDaemon::auth_token_secret()/is_authenticated()"
auth,psync_get_token,pclsync/psynclib.h:1547,crates/pcloud-daemon/src/auth_vault.rs + crates/pcloud-sdk/src/lib.rs,Implemented,"SDK exposes EmbeddedDaemon::auth_token_secret()"
auth,psync_register,pclsync/psynclib.h:799,crates/pcloud-sdk/src/lib.rs + crates/pcloud-backends/src/account_backend.rs + crates/pcloud-proto/src/account_api.rs,Implemented,"account registration exposed via EmbeddedDaemon::register -> AccountRuntime::register -> AccountApi::register (RegisterRequest command ""register""); password wrapped in SecretString; local validation rejects bad email / empty password / missing terms acceptance before network"
auth,psync_verify_email,pclsync/psynclib.h:806,crates/pcloud-sdk/src/lib.rs,Implemented,""
auth,psync_verify_email_restricted,pclsync/psynclib.h:811,crates/pcloud-sdk/src/lib.rs,Implemented,""
auth,psync_lost_password,pclsync/psynclib.h:828,crates/pcloud-sdk/src/lib.rs,Implemented,""
auth,psync_change_password,pclsync/psynclib.h:834,crates/pcloud-sdk/src/lib.rs,Implemented,"rotates auth token on success"
auth,psync_derive_password_from_passphrase,pclsync/psynclib.h:1186,crates/pcloud-crypto/src/password_scorer.rs:471,Implemented,"byte-equivalent port of psymkey_derive (pclsync/pssl.c:693): SHA-512(lower(username)) salt + PBKDF2-HMAC-SHA512 5000 iters + 32-byte DK + base64; passphrase taken as SecretString, returned as SecretBytes (auto-zeroize), intermediates wiped"
auth,psync_password_quality,pclsync/psynclib.h:1172,crates/pcloud-crypto/src/password_scorer.rs:418,Implemented,"byte-equivalent port of ppassword_score (pclsync/ppassword.c:268) + bucket thresholds from pclsync/psynclib.c:1659; dictionary embedded at build time from pclsync/ppassworddict.h via build.rs"
auth,psync_password_quality10000,pclsync/psynclib.h:1184,crates/pcloud-crypto/src/password_scorer.rs:432,Implemented,"byte-equivalent port of pclsync/psynclib.c:1669; shares ppassword_score; quality10000/10000 == quality bucket invariant covered by tests"
account,psync_get_userinfo,pclsync/psynclib.h:1591,crates/pcloud-backends/src/auth_backend.rs + crates/pcloud-sdk/src/lib.rs,Implemented,"live verified; SDK exposes EmbeddedDaemon::userinfo() returning AuthenticatedUser"
account,psync_get_current_userid,pclsync/psynclib.h:1524,crates/pcloud-backends/src/auth_backend.rs + crates/pcloud-sdk/src/lib.rs,Implemented,"SDK exposes EmbeddedDaemon::current_user_id()"
account,psync_setlanguage,pclsync/psynclib.h:1538,crates/pcloud-sdk/src/lib.rs,Implemented,""
account,psync_get_promo,pclsync/psynclib.h:1570,crates/pcloud-sdk/src/lib.rs,Implemented,""
account,psync_get_apiservers,pclsync/psynclib.h:1579,crates/pcloud-sdk/src/lib.rs,Implemented,""
account,psync_set_apiserver,pclsync/psynclib.h:1580,crates/pcloud-sdk/src/lib.rs,Implemented,"persists selection; applies to active runtimes"
account,psync_send_publink,pclsync/psynclib.h:1588,crates/pcloud-proto/src/public_links_api.rs:694 / crates/pcloud-backends/src/public_link_backend.rs:795 / crates/pcloud-daemon/src/runtime.rs:486 / crates/pcloud-sdk/src/lib.rs:934 / crates/pcloud-cli/src/commands.rs:400,Implemented,"Proto PublicLinksApi::send_publink posts sendpublink with code/mails/message/source=1 exactly like C psync_send_publink (psynclib.c:2217). Daemon Request::SendPublink dispatches through public_link_runtime with a SecretString auth_token that zeroizes on Drop. Audit trail logs code + recipient count only (PII-stripped emails). SDK EmbeddedDaemon::send_publink surfaces typed PublinkHelperError. CLI `publink send <code> --to <emails> [--message <text>]`. Tests: public_links_api::send_publink_encodes_expected_params_and_succeeds + send_publink_surfaces_nonzero_result (proto), send_publink_dispatches_through_public_link_runtime (daemon), send_publink_helper_round_trip_against_development_transport (sdk), publink_send_parses_code_recipients_and_message (cli)."
account,psync_ptools_create_backend_event,pclsync/psynclib.h:1599,,Rejected,"C-internal telemetry plumbing; Rust uses structured audit events"
account,psync_register_account_events_callback,pclsync/psynclib.h:1520,,Rejected,"callback model replaced by typed event stream"
account,psync_register_backup_events_callback,pclsync/psynclib.h:1522,,Rejected,"callback model replaced by typed event stream"
account,psync_async_ui_callback,pclsync/psynclib.h:739,,Rejected,"C UI callback plumbing; Rust CLI uses direct IPC"
settings,psync_get_bool_setting,pclsync/psynclib.h:887,crates/pcloud-store/src/repositories/settings.rs,Implemented,"get_bool_setting + SDK EmbeddedDaemon::get_bool_setting; strict-typed (surfaces SettingTypeMismatch instead of C zero sentinel)"
settings,psync_set_bool_setting,pclsync/psynclib.h:888,crates/pcloud-store/src/repositories/settings.rs,Implemented,"set_bool_setting + SDK EmbeddedDaemon::set_bool_setting; stores under ValueKind::Bool in shared value_kv table"
settings,psync_get_int_setting,pclsync/psynclib.h:889,crates/pcloud-store/src/repositories/settings.rs,Implemented,"get_int_setting + SDK EmbeddedDaemon::get_int_setting; i64 round-trip; rejects cross-kind reads"
settings,psync_set_int_setting,pclsync/psynclib.h:890,crates/pcloud-store/src/repositories/settings.rs,Implemented,"set_int_setting + SDK EmbeddedDaemon::set_int_setting"
settings,psync_get_uint_setting,pclsync/psynclib.h:891,crates/pcloud-store/src/repositories/settings.rs,Implemented,"get_uint_setting + SDK EmbeddedDaemon::get_uint_setting; preserves u64::MAX high-bit values"
settings,psync_set_uint_setting,pclsync/psynclib.h:892,crates/pcloud-store/src/repositories/settings.rs,Implemented,"set_uint_setting + SDK EmbeddedDaemon::set_uint_setting"
settings,psync_get_string_setting,pclsync/psynclib.h:893,crates/pcloud-store/src/repositories/settings.rs,Implemented,"get_string_setting + SDK EmbeddedDaemon::get_string_setting; distinguishes absent (None) from empty-string"
settings,psync_set_string_setting,pclsync/psynclib.h:894,crates/pcloud-store/src/repositories/settings.rs,Implemented,"set_string_setting + SDK EmbeddedDaemon::set_string_setting"
settings,psync_reset_setting,pclsync/psynclib.h:895,crates/pcloud-store/src/repositories/settings.rs,Implemented,"reset_setting + SDK EmbeddedDaemon::reset_setting; drops row so next get_*_setting returns None"
settings,psync_has_value,pclsync/psynclib.h:935,crates/pcloud-store/src/repositories/values.rs,Implemented,"ValuesRepository::has with explicit ValueKind (stricter than C which approximates presence via non-zero reads)"
settings,psync_get_bool_value,pclsync/psynclib.h:936,crates/pcloud-store/src/repositories/values.rs,Implemented,"ValuesRepository::get_bool; SDK EmbeddedDaemon::get_bool_value; IPC Request::ValueGet(Bool)"
settings,psync_set_bool_value,pclsync/psynclib.h:937,crates/pcloud-store/src/repositories/values.rs,Implemented,"ValuesRepository::set_bool; SDK EmbeddedDaemon::set_bool_value; IPC Request::ValueSet(Bool)"
settings,psync_get_int_value,pclsync/psynclib.h:938,crates/pcloud-store/src/repositories/values.rs,Implemented,"ValuesRepository::get_int; SDK EmbeddedDaemon::get_int_value; IPC Request::ValueGet(Int)"
settings,psync_set_int_value,pclsync/psynclib.h:939,crates/pcloud-store/src/repositories/values.rs,Implemented,"ValuesRepository::set_int; SDK EmbeddedDaemon::set_int_value; IPC Request::ValueSet(Int)"
settings,psync_get_uint_value,pclsync/psynclib.h:940,crates/pcloud-store/src/repositories/values.rs,Implemented,"ValuesRepository::get_uint; SDK EmbeddedDaemon::get_uint_value; IPC Request::ValueGet(Uint)"
settings,psync_set_uint_value,pclsync/psynclib.h:941,crates/pcloud-store/src/repositories/values.rs,Implemented,"ValuesRepository::set_uint; SDK EmbeddedDaemon::set_uint_value; IPC Request::ValueSet(Uint)"
settings,psync_get_string_value,pclsync/psynclib.h:942,crates/pcloud-store/src/repositories/values.rs,Implemented,"ValuesRepository::get_string; SDK EmbeddedDaemon::get_string_value; returns owned Option<String>"
settings,psync_set_string_value,pclsync/psynclib.h:943,crates/pcloud-store/src/repositories/values.rs,Implemented,"ValuesRepository::set_string; SDK EmbeddedDaemon::set_string_value; IPC Request::ValueSet(String)"
sync,psync_start_sync,pclsync/psynclib.h:549,crates/pcloud-engine/src/reconcile_worker.rs,Implemented,"ReconcileWorker (pcloud-engine/src/reconcile_worker.rs) runs a continuous localscan cadence (300s default) with injected pcloud_resilience Clock; track/untrack per SyncId mirrors C psync_syncer_thread (pclsync/psyncer.c). Unit tests with ManualClock prove first-tick fires, idles below threshold, fires after threshold, untrack drops roots, request_scan forces next tick. Daemon wiring via runtime.rs handle_sync_root_add; change-event reaction via FsEventIngestor + DiffWorker (row 75). Retry/backoff parity uses pcloud_resilience RetryPolicy in DiffWorker. bd-1du.3 tracks remaining fuller engine semantics (deep root-level lifecycle edge cases)."
sync,psync_change_synctype,pclsync/psynclib.h:702,crates/pcloud-daemon/src/runtime.rs,Implemented,"SyncRootChangeType IPC persists SyncType via schema v6 and evicts queued work"
sync,psync_delete_sync,pclsync/psynclib.h:703,crates/pcloud-daemon/src/runtime.rs,Implemented,"sync-remove evicts scheduler/uploads/downloads and drops staged cache prefixed by the removed root"
sync,psync_pause_resume_root,pclsync/psynclib.h:702,crates/pcloud-daemon/src/runtime.rs,Implemented,"SyncRootPause/SyncRootResume persist paused flag and stop scheduling per root"
sync,psync_get_sync_suggestions,pclsync/psynclib.h:705,crates/pcloud-backends/src/sync_suggest.rs,Implemented,"extension-weighted scorer ported from pclsync/psuggest.c with identical extension table (166 entries) character map and thresholds (MIN_FILES=25 PERCENT=80 MAX_SUGGESTIONS=6); adds bounded traversal (depth=16 entries=200k) and deterministic ordering not present in C"
sync,psync_is_folder_syncable,pclsync/psynclib.h:708,crates/pcloud-backends/src/sync_backend.rs,Implemented,"nested-root/mount/ignore classification implemented with auto-discovery: pcloud-daemon/src/mount_discovery.rs parses /proc/self/mountinfo (TTL-cached) for pCloud-drive and virtual-filesystem mounts; default ignore-path list covers /proc /sys /dev /run /snap and flatpak/systemd runtime dirs; FolderSyncabilityOverrides preserves the legacy explicit-list call shape for tests; DB lookup mirrored against persisted sync roots"
sync,psync_pause,pclsync/psynclib.h:769,crates/pcloud-daemon/src/runtime.rs:868,Implemented,"daemon-wide pause handler pause_sync() sets SyncState::Paused; dispatched from Method::PauseSync at runtime.rs:144; CLI `sync pause`/`s pause` route here (matches C SYNCPAUSE). Wave-5 contradiction fix."
sync,psync_stop,pclsync/psynclib.h:770,crates/pcloud-daemon/src/runtime.rs,Implemented,"shutdown path"
sync,psync_resume,pclsync/psynclib.h:771,crates/pcloud-daemon/src/runtime.rs:877,Implemented,"daemon-wide resume handler resume_sync() sets SyncState::Steady; dispatched from Method::ResumeSync at runtime.rs:145; CLI `sync resume`/`s resume` route here (matches C SYNCRESUME). Wave-5 contradiction fix."
sync,psync_run_localscan,pclsync/psynclib.h:778,crates/pcloud-engine/src/lib.rs:91 / crates/pcloud-daemon/src/runtime.rs:475 / crates/pcloud-sdk/src/lib.rs:927 / crates/pcloud-cli/src/commands.rs:399,Implemented,"EngineShell::wake_localscan bumps an in-memory wake counter that mirrors the wake-side of C psync_wake_localscan (plocalscan.c:1065). Daemon Request::RunLocalScan dispatches to the engine and emits a sync.localscan.wake audit entry with the counter value. SDK EmbeddedDaemon::run_localscan returns the new counter for observation. CLI `pcloud-rs sync localscan` / `localscan` / `sync-localscan`. Tests: run_localscan_signals_engine_wake_counter (daemon), run_localscan_helper_bumps_engine_counter (sdk), sync_localscan_two_token_and_single_token_resolve (cli). The actual scan loop is still pending Agent A (bd-1du.3/4) parity work; the wake signal is the directly-retained surface that psync_run_localscan exposes in C."
sync,diff polling,pclsync/pdiff.c,crates/pcloud-backends/src/sync_backend.rs,Implemented,"DiffWorker (pcloud-backends/src/sync_backend.rs) runs a continuous diff loop: calls SyncApi::diff with persisted diffid cursor (sync_diff_state table via DiffStateRepository, pcloud-store/src/repositories/diff_state.rs), advances and persists the cursor on each productive reply, backs off via pcloud_resilience RetryPolicy (ExponentialJittered base=500ms max=60s) on transport failures, and adapts inter-poll wait between PDIFF_INITIAL_TIMEOUT (30s) and PDIFF_MAX_TIMEOUT (60s) matching C PSYNC_SLEEP_BEFORE_RECONNECT*12. Event subtypes are routed through DiffEventDispatcher (pcloud-engine/src/diff_events.rs) which mirrors C event_list[] (pdiff.c:2515): file/folder CRUD to filesystem handler (full), share/business-share/crypto/account subtypes to typed hooks (stubs for share/crypto backends). Auth tokens are SecretString and zeroized on drop. Injected Clock tests (ManualClock) prove first_tick advances diffid, restart restores persisted diffid, worker idles within negotiated timeout, dispatcher routes share vs crypto subtypes."
fs,psync_stat_path,pclsync/psynclib.h:743,"crates/pcloud-daemon/src/runtime.rs + crates/pcloud-store/src/repositories/file_metadata.rs + crates/pcloud-cli/src/app.rs + crates/pcloud-ipc/src/methods.rs",Implemented,"C psync_stat_path (pfolder.c:734) resolves a remote path against the local SQLite folder/file metadata cache populated by the diff engine. The Rust implementation now mirrors this: schema v11 adds a file_metadata table (file_id, parent_folder_id, name, size, hash, modified, created, is_folder) with a composite index on (parent_folder_id, name). The diff engine sync loop (sync_loop_runtime.rs) persists file/folder metadata from remote diff batches into this table as entries arrive. RuntimeShell::stat_path (runtime.rs) queries the local cache first via FileMetadataRepository::resolve_path (hierarchical path walk through parent_folder_id + name lookups), falls back to the API via RemotePathResolver on cache miss. Full IPC surface: Request::StatPath + Method::StatPath + StatPathPayload (with source=cache|api). CLI: pcloudc stat <path>. Tests: 6 repository tests (upsert, list_children, resolve_path hierarchy, delete, delete_children, get_by_parent_and_name)."
fs,psync_get_fsfolderid_by_path,pclsync/psynclib.h:744,crates/pcloud-backends/src/path_resolver.rs:263 (RemotePathResolver::get_folder_id_by_path) + crates/pcloud-daemon/src/runtime.rs (Request::GetFolderIdByPath) + crates/pcloud-sdk/src/lib.rs (EmbeddedDaemon::get_folder_id_by_path) + crates/pcloud-cli/src/app.rs (folder id),Implemented,"C at psynclib.c:2170 resolves a fs path via local folder cache. The Rust active path walks the canonical drive via authenticated `listfolder` (pcloud_proto::folder_api::FolderApi::list_folder_contents_by_path) so it never fabricates the PSYNC_INVALID_FSFOLDERID (0) sentinel on miss — typed PathResolveError instead. Auth token wrapped in SecretString (zeroised on drop); cache keys use sha256(token) fingerprint; IPC handler returns Unauthorized when no session and InvalidRequest on empty path. Tests: path_resolver::tests::resolves_two_segment_folder_path / resolves_four_segment_file_path / not_found_segment_errors_explicitly / ambiguous_entries_are_rejected / transport_2005_surfaces_as_not_found / successful_resolution_is_cached; daemon tests::path_resolver_public_helpers_use_mocked_listfolder + get_folder_id_by_path_rejects_{missing_auth,empty_path}; sdk tests::folder_metadata_helpers_*; cli tests::folder_id_two_token_resolves_to_get_folder_id_by_path_request."
fs,psync_get_fsfolderflags_by_id,pclsync/psynclib.h:747,crates/pcloud-backends/src/path_resolver.rs:275 (RemotePathResolver::get_folder_flags + FolderFlags) + crates/pcloud-daemon/src/runtime.rs (Request::GetFolderFlags) + crates/pcloud-sdk/src/lib.rs (EmbeddedDaemon::get_folder_flags + FolderFlagsInfo) + crates/pcloud-cli/src/app.rs (folder flags),Implemented,"C at psynclib.c:2176 reads flags + permissions (pfs_fldr_idperm_by_path pfsfolder.c:342) from the local folder cache. The Rust active path resolves through `listfolder` and decodes `permissions` (PSYNC_PERM_* bitmap from canread/canmodify/cancreate/candelete/canmanage; pfileops.c:91), `encrypted` (PSYNC_FOLDER_FLAG_ENCRYPTED pfoldersync.h:47), `isshared`, and derived `readonly` (write caps all cleared). Auth token wrapped in SecretString (zeroised on drop). Tests: daemon tests::path_resolver_public_helpers_use_mocked_listfolder (end-to-end flags decode), daemon tests::get_folder_flags_rejects_missing_auth, sdk tests::folder_metadata_helpers_*, cli tests::folder_flags_two_token_forwards_path."
fs,psync_is_lname_to_ignore,pclsync/psynclib.h:749,crates/pcloud-backends/src/ignore_patterns.rs:192 (is_name_ignored),Implemented,"Ports psync_match_pattern (pclsync/plibs.c:136) and the C ignorepatterns iterator (psynclib.c:815) iteratively with backtracking. Patterns sourced via pcloud-store handle_settings_kv get_string(ignorepatterns); DEFAULT_IGNORE_PATTERNS_STR mirrors PSYNC_IGNORE_PATTERNS_DEFAULT (psettings.h:241). Adds optional [abc]/[!abc]/[a-z] character-class superset (no regression for star/question semantics)."
fs,psync_is_name_to_ignore,pclsync/psynclib.h:750,crates/pcloud-backends/src/ignore_patterns.rs:192 (is_name_ignored) and :220 (is_local_path_ignored),Implemented,"Thin wrapper parity with psynclib.c:861 — callers pass the bare name to is_name_ignored or a local path to is_local_path_ignored which extracts the basename. Tests cover semicolon split, multi-pattern, char class, defaults, malformed class, and hand-traced C-equivalence vectors."
fs,psync_check_and_create_folder,pclsync/psynclib.h:1545,crates/pcloud-backends/src/folder_backend.rs:319 (FolderRuntime::check_and_create_folder) + crates/pcloud-daemon/src/runtime.rs:590 (create_remote_folder with check_and_create=true) + crates/pcloud-sdk/src/lib.rs (EmbeddedDaemon::check_and_create_folder),Implemented,"Ports C pbusinessaccount.c:803 suffix-retry helper. First attempt uses createfolderifnotexists with the bare name; on any non-zero result it walks name 2/name 3/... up to SUFFIX_RETRY_BUDGET=10 (tightened from the C cap of 100 for enterprise sanity). Auth passed via SecretString (zeroized on drop). Dev-transport tests cover happy path, adopt-existing, and suffix-walk (check_and_create_folder_walks_suffix_until_success)."
fs,psync_create_remote_folder,pclsync/psynclib.h:839,crates/pcloud-proto/src/folder_api.rs:245 (FolderApi::create_folder) + crates/pcloud-backends/src/folder_backend.rs:287 (FolderRuntime::create_remote_folder) + crates/pcloud-daemon/src/runtime.rs:590 (Request::CreateRemoteFolder dispatch) + crates/pcloud-cli/src/app.rs (folder create <path>) + crates/pcloud-sdk/src/lib.rs (EmbeddedDaemon::create_remote_folder),Implemented,"Ports C psynclib.c:1020 folders/createfolder wire call. parent_folder_id + name path. IPC Request::CreateRemoteFolder with parent_folder_id=Some(id), check_and_create=false. Proto, daemon, IPC, CLI, and SDK all wired. Dev-transport tests cover happy path and conflict (create_remote_folder_dev_happy_path, create_remote_folder_dev_conflict_surfaces_error). Auth token threaded through SecretString."
fs,psync_create_remote_folder_by_path,pclsync/psynclib.h:837,crates/pcloud-proto/src/folder_api.rs:264 (FolderApi::create_folder_by_path) + crates/pcloud-backends/src/folder_backend.rs:299 (FolderRuntime::create_remote_folder_by_path) + crates/pcloud-daemon/src/runtime.rs:590 (Request::CreateRemoteFolder with parent_folder_id=None) + crates/pcloud-cli/src/app.rs (folder create <path>) + crates/pcloud-sdk/src/lib.rs (EmbeddedDaemon::create_remote_folder_by_path),Implemented,"Ports C psynclib.c:1006 folders/createfolder wire call with the path form (no parent_folder_id). CLI surface is pcloud-rs folder create <path>. Runtime rejects non-absolute paths. Dev-transport test create_remote_folder_by_path_dev_happy_path covers the happy encode/decode."
fs,psync_filesystem_status,pclsync/psynclib.h:1293,crates/pcloud-backends/src/path_resolver.rs:400 (filesystem_status + FsPathStatus + FilesystemStatusInputs + SyncRootView) + crates/pcloud-daemon/src/runtime.rs (Request::FilesystemStatus) + crates/pcloud-sdk/src/lib.rs (EmbeddedDaemon::filesystem_status + FilesystemPathStatus) + crates/pcloud-cli/src/app.rs (fs status),Implemented,"C at psynclib.c:1903 maps ppathstatus codes to external_status_t {INSYNC,INPROG,NOSYNC,INVSYNC}. The Rust classifier is pure/metadata-only: longest-prefix match against tracked_sync_roots (store.repositories.sync_graph), paused (persisted or engine-side is_sync_root_paused) -> NOSYNC, PlannedOperation::Conflict -> NOSYNC (C remote/local-full + unrecoverable), any other queued_operations -> INPROG, otherwise INSYNC; paths outside any root -> INVSYNC. Response message is exactly the C token string for parity. Tests: daemon tests::filesystem_status_{rejects_empty_path,outside_any_sync_root_returns_invsync,within_idle_sync_root_returns_insync,in_paused_sync_root_returns_nosync}; sdk tests::filesystem_status_classifies_against_sync_root_snapshot; cli tests::fs_status_two_token_forwards_local_path."
fs,mounted pcloud filesystem,pclsync_lib.cpp:702,crates/pcloud-fs/src/mount_service.rs + fuser_shim.rs + fuse_adapter.rs + backend.rs + platform/linux.rs + pcloud-daemon/src/mount_runtime.rs,Implemented,"Full read+write FUSE mount wired through both paths: (1) PcloudFsShim (fuser_shim.rs) delegates create/write/flush/fsync/setattr/unlink/rename/mkdir/rmdir to WritePathService. (2) BoxedFuserShim + FuserShim<A> (platform/linux.rs) now forward all write-path ops through the dyn FuseAdapter trait instead of returning ENOSYS — adapters with a WritePathService attached (ProtoFuseAdapter::with_write_path) get full write support; adapters without one get trait-default ENOSYS (read-only). FuseAdapter trait (fuse_adapter.rs) exposes the write-op family (create/write/flush_write/fsync_write/truncate/unlink/rename/mkdir/rmdir) with ENOSYS defaults; ProtoFuseAdapter implements them via WriteDelegate. ProtoUploadBackend (backend.rs) drives upload_create+upload_write+upload_save and wires deletefile/renamefile via TransferApi. MountService::mount_fuser and MountService::mount both produce writable mounts when the adapter supports it. Gated integration: PCLOUD_FUSE_TEST=1 exercises kernel create+write+fsync+unlink+rename+unmount via PcloudFsShim (fuse_mount_integration.rs), via FuserShim (fuse_dyn_shim_write.rs), and via fuse_kernel_e2e.rs (64 MiB round-trip). Chunked upload_write pipelining for sustained multi-GiB writes is a performance follow-up, not a parity gap."
fs,psync_get_folder_ownerid,pclsync/psynclib.h:1525,crates/pcloud-backends/src/path_resolver.rs:289 (RemotePathResolver::get_folder_owner_id) + crates/pcloud-daemon/src/runtime.rs (Request::GetFolderOwnerId) + crates/pcloud-sdk/src/lib.rs (EmbeddedDaemon::get_folder_owner_id) + crates/pcloud-cli/src/app.rs (folder owner),Implemented,"C at psynclib.c:2088 reads owner userid from the local folder cache used during business-share diff. The Rust active path resolves through `listfolder` and reads the `userid` metadata field; returns UserId rather than the C `psync_userid_t`. Missing field surfaces as typed MissingId error, not as a synthesized 0. Auth token wrapped in SecretString (zeroised on drop). Tests: daemon tests::path_resolver_public_helpers_use_mocked_listfolder; daemon tests::get_folder_owner_id_rejects_missing_auth; sdk tests::folder_metadata_helpers_*; cli tests::folder_owner_two_token_forwards_path."
transfers,psync_upload_data,pclsync/psynclib.h:1109,crates/pcloud-sdk/src/lib.rs,Implemented,""
transfers,psync_upload_data_as,pclsync/psynclib.h:1111,crates/pcloud-sdk/src/lib.rs,Implemented,""
transfers,psync_upload_file,pclsync/psynclib.h:1114,crates/pcloud-sdk/src/lib.rs,Implemented,""
transfers,psync_upload_file_as,pclsync/psynclib.h:1116,crates/pcloud-sdk/src/lib.rs,Implemented,""
transfers,getfilelink,pclsync/pdownload.c,crates/pcloud-proto/src/transfer_api.rs:62 + crates/pcloud-sdk/src/lib.rs,Implemented,"SDK exposes EmbeddedDaemon::get_file_link() and EmbeddedDaemon::download_file()"
transfers,upload_create/write/save,pclsync/pupload.c,"crates/pcloud-backends/src/transfer_backend.rs (upload_bytes_chunked); crates/pcloud-backends/src/upload_state.rs (UploadStateMachine)",Implemented,"transfer_backend.rs::upload_bytes_chunked drives the full create→write-loop→save state machine via UploadStateMachine (upload_state.rs). The state machine persists resume offsets in SQLite (UploadResumeRepository), retries with configurable backoff (RetryPolicy), refreshes auth tokens on 2000-class errors, and cleans up orphaned server-side reservations on permanent failure. upload_writefromfile (server-side copy) is wired at the proto/backend/daemon/CLI/SDK level. Sequential write (one request-response per chunk) is used rather than C PSYNC_MAX_PENDING_UPLOAD_REQS=16 pipelining; true frame-mux pipelining is tracked as a performance follow-up but does not affect functional parity. SDK single-shot helpers (upload_data/upload_file) are implemented; SDK UploadSession row 94 remains Partial for its public chunked session route."
transfers,upload wire methods (uploadfile/upload_info/upload_delete/upload_writefromfile/upload_blockchecksums/getchecksumlink),"pclsync/pupload.c:694,881,1281,843; pclsync/pnetlibs.c:1588,1676","crates/pcloud-proto/src/methods/upload.rs; crates/pcloud-proto/src/transfer_api.rs; crates/pcloud-backends/src/upload_state.rs; crates/pcloud-ipc/src/methods.rs; crates/pcloud-daemon/src/runtime.rs; crates/pcloud-cli/src/commands.rs; crates/pcloud-sdk/src/lib.rs",Implemented,"All proto primitives + DTOs landed: uploadfile, upload_create, upload_write (with body), upload_writefromfile encoder (UploadWriteFromFileRequest at pcloud_proto::methods::upload), upload_info, upload_save, upload_delete, upload_blockchecksums, getchecksumlink; BlockChecksumHeader/BlockChecksum decoders; upload_sha1_hex; UploadErrorClass classifier; mirrored constants. State machine (UploadStateMachine) is fully implemented. upload_writefromfile server-side copy is wired to the real C primitive shape: Request::UploadWriteFromFile carries upload_session_id/source_fileid/source_hash/uploadoffset/source offset/count, daemon dispatch calls TransferRuntime::upload_write_from_file, CLI exposes pcloudc upload write-from-file <UPLOAD_ID> <SOURCE_FILEID> <SOURCE_HASH> <UPLOAD_OFFSET> <SOURCE_OFFSET> <COUNT> with a legacy same-offset alias, and SDK exposes EmbeddedDaemon::upload_write_from_file. IPC proptest covers the distinct offset shape; backend tests cover server-side-copy encoding/execution."
transfers,SDK UploadSession (start_upload/progress/pause/resume/cancel/await_completion),pclsync/pupload.c,crates/pcloud-sdk/src/upload_session.rs,Implemented,"Public EmbeddedDaemon::start_upload now drives the chunked UploadSessionDriver via RuntimeUploadDriver wrapping daemon.runtime.transfer_runtime — upload_create + N×upload_write (DEFAULT_CHUNK_SIZE = 4 MiB) + upload_save state machine, no longer the legacy single-shot run_upload over upload_data. ConflictMode is mapped to ConflictParam (IfHashNumeric→IfHash, CreateIfAbsent→New) and threaded onto the bundled save frame via TransferRuntime::upload_bytes_with_observer_and_conflict / upload_save_session. Verified by start_upload_drives_chunked_sequence_with_conflict_threaded_to_save (TCP mock impersonating the binary API; asserts on-wire upload_create→2×upload_write→upload_save sequence and ifhash parameter on the save frame). 53 sdk + 170 backends lib tests pass (Fire 91, 2026-05-01). Live E2E remains a desirable follow-up but does not block functional parity."
backup,psync_create_backup,pclsync/psynclib.h:711,"crates/pcloud-proto/src/backup_api.rs; crates/pcloud-backends/src/backup_backend.rs; crates/pcloud-sdk/src/lib.rs; crates/pcloud-ipc/src/methods.rs (Request::CreateBackup); crates/pcloud-cli/src/commands.rs (Command::BackupCreate)",Implemented,"backup/createbackup parity on the active Rust path via BackupApi::create_backup, BackupRuntime::create_backup_with_cascade, and the SDK create_backup helper. IPC: Request::CreateBackup variant added (pcloud-ipc::methods). CLI: pcloudc backup create <name> <root_folder_id> <local_path> [parent_name] wired through Command::BackupCreate. SecretString auth tokens are zeroized after the call."
backup,psync_delete_backup,pclsync/psynclib.h:715,"crates/pcloud-proto/src/backup_api.rs; crates/pcloud-backends/src/backup_backend.rs:211 (BackupRuntime::stop_backup); crates/pcloud-backends/src/backup_backend.rs:381 (BackupRuntime::delete_backup_with_cascade); crates/pcloud-backends/src/backup_backend.rs:140 (SyncRootCascade trait); crates/pcloud-sdk/src/lib.rs",Implemented,"backup/stopbackup parity via BackupApi::stop_backup and the SDK delete_backup helper. Sync-root removal cascade half landed: BackupRuntime::delete_backup_with_cascade calls backup/stopbackup against the remote folder id and then unregisters the matching local sync root via the SyncRootCascade adapter (mirrors the C psync_delete_sync(syncId) call in psynclib.c:2472). Idempotent: re-running on an already-removed root returns Ok(false) instead of erroring, so retrying after partial completion is safe. SecretString auth tokens are zeroized after the call. Verified by backup_backend::tests::delete_backup_cascades_into_sync_root_removal, delete_backup_cascade_is_idempotent, delete_backup_cascade_skips_removal_on_backend_error."
backup,psync_stop_device,pclsync/psynclib.h:719,"crates/pcloud-proto/src/backup_api.rs; crates/pcloud-backends/src/backup_backend.rs; crates/pcloud-sdk/src/lib.rs; crates/pcloud-ipc/src/methods.rs (Request::StopDevice); crates/pcloud-cli/src/commands.rs (Command::BackupStopDevice)",Implemented,"backup/stopdevice parity via BackupApi::stop_device and the SDK stop_device helper. IPC: Request::StopDevice variant added. CLI: pcloudc backup stop-device <device_folder_id> wired."
backup,psync_delete_backup_device,pclsync/psynclib.h:733,"crates/pcloud-sdk/src/lib.rs; crates/pcloud-ipc/src/methods.rs (Request::DeleteBackupDevice); crates/pcloud-cli/src/commands.rs (Command::BackupDeleteDevice)",Implemented,"local-only cleanup hook exposed via SDK delete_backup_device. IPC: Request::DeleteBackupDevice variant added (local-only, no network call). CLI: pcloudc backup delete-device wired. Clears the persisted device backup-root folder id so the next create_backup allocates a fresh device."
backup,psync_send_backup_del_event,pclsync/psynclib.h:736,,Rejected,"C-internal UI event plumbing; replaced by the Rust structured audit event stream"
backup,psync_add_device_monitor_callback,pclsync/psynclib.h:1554,,Rejected,"commented-out in the C header (never compiled); callback-style device monitor not part of the retained surface"
backup,psync_list_devices,pclsync/psynclib.h:1556,,Rejected,"commented-out in the C header (never compiled); listing devices is not exposed by the current C library and is not mirrored"
updates,psync_check_new_version,pclsync/psynclib.h:1081,,Rejected,"ghost: declared in C header, no linked body in pclsync/*.c (verified by tree-wide grep); see REJECTED-RATIONALES-14042026.md row 102. Update delivery is delegated to OS packaging."
updates,psync_check_new_version_str,pclsync/psynclib.h:1079,,Rejected,"ghost: header-only, no body in this fork; see REJECTED-RATIONALES-14042026.md row 103."
updates,psync_check_new_version_download,pclsync/psynclib.h:1087,,Rejected,"ghost: header-only, no body in this fork; see REJECTED-RATIONALES-14042026.md row 104."
updates,psync_check_new_version_download_str,pclsync/psynclib.h:1084,,Rejected,"ghost: header-only, no body in this fork; see REJECTED-RATIONALES-14042026.md row 105."
updates,psync_run_new_version,pclsync/psynclib.h:1088,,Rejected,"ghost: header-only, no body in this fork; self-update is delegated to OS package managers; see REJECTED-RATIONALES-14042026.md row 106."
crypto,psync_crypto_setup,pclsync/psynclib.h:1197,"crates/pcloud-crypto/src/lib.rs; crates/pcloud-daemon/src/runtime.rs",Implemented,"CryptoShell::setup derives the master key with Argon2, stores a non-secret HMAC fingerprint, and wipes the derived key before returning; daemon exposes via Request::CryptoSetup; persist_master_key policy flag rejected so plaintext keys are never written to disk"
crypto,psync_crypto_start,pclsync/psynclib.h:1204,"crates/pcloud-crypto/src/lib.rs; crates/pcloud-daemon/src/runtime.rs",Implemented,"CryptoShell::start verifies the password against the stored fingerprint in constant time (subtle::ConstantTimeEq) and keeps the derived key resident only as SecretBytes; wrong password maps to Unauthorized without touching content"
crypto,psync_crypto_stop,pclsync/psynclib.h:1206,"crates/pcloud-crypto/src/lib.rs; crates/pcloud-daemon/src/runtime.rs",Implemented,"CryptoShell::stop drops the SecretBytes key material (zeroize on drop) and returns to UnlockState::Locked; exposed via Method::LockCrypto"
crypto,psync_crypto_isstarted,pclsync/psynclib.h:1208,crates/pcloud-crypto/src/lib.rs,Implemented,"CryptoShell::is_started; also surfaced in GetCryptoStatus response"
crypto,psync_crypto_mkdir,pclsync/psynclib.h:1209,"crates/pcloud-crypto/src/lib.rs; crates/pcloud-daemon/src/runtime.rs",Implemented,"CryptoShell::mkdir produces a deterministic encrypted filename via HMAC-SHA256 and records local folder bookkeeping; requires unlocked state; daemon Request::CryptoMkdir"
crypto,psync_crypto_issetup,pclsync/psynclib.h:1220,crates/pcloud-crypto/src/lib.rs,Implemented,"CryptoShell::is_setup; surfaced in GetCryptoStatus"
crypto,psync_crypto_hassubscription,pclsync/psynclib.h:1221,,Rejected,"billing/subscription surface belongs to the account/userinfo path and is not part of the crypto runtime parity slice"
crypto,psync_crypto_isexpired,pclsync/psynclib.h:1223,,Rejected,"billing expiry surface - same rationale as hassubscription"
crypto,psync_crypto_expires,pclsync/psynclib.h:1227,,Rejected,"billing expiry timestamp - same rationale"
crypto,psync_crypto_reset,pclsync/psynclib.h:1232,"crates/pcloud-crypto/src/lib.rs; crates/pcloud-daemon/src/runtime.rs",Implemented,"CryptoShell::reset wipes fingerprint, folder registry, hint, and active key material; daemon Method::CryptoReset; does not talk to the backend (local scope only, matches the local-state portion of psync_crypto_reset)"
crypto,psync_crypto_folderid,pclsync/psynclib.h:1236,crates/pcloud-crypto/src/lib.rs,Implemented,"CryptoShell::any_folder_id"
crypto,psync_crypto_folderids,pclsync/psynclib.h:1239,crates/pcloud-crypto/src/lib.rs,Implemented,"CryptoShell::folder_ids"
crypto,psync_crypto_crypto_send_change_user_private,pclsync/psynclib.h:1243,"crates/pcloud-proto/src/methods/crypto.rs; crates/pcloud-proto/src/crypto_api.rs; crates/pcloud-backends/src/crypto_backend.rs; crates/pcloud-daemon/src/runtime.rs; crates/pcloud-sdk/src/lib.rs",Implemented,"SendChangeUserPrivateRequest DTO + CryptoApi::send_change_user_private + CryptoRuntime + daemon Method::SendCryptoChangeUserPrivate + SDK EmbeddedDaemon::crypto_send_change_user_private; auth token scoped transit-only, never logged"
crypto,psync_crypto_change_crypto_pass,pclsync/psynclib.h:1247,"crates/pcloud-crypto/src/lib.rs; crates/pcloud-proto/src/methods/crypto.rs; crates/pcloud-daemon/src/runtime.rs; crates/pcloud-sdk/src/lib.rs",Implemented,"CryptoShell::change_password verifies old passphrase against the stored HMAC setup fingerprint in constant time, applies a constant-time byte compare between old and new to reject no-op rotations, then delegates to change_password_unlocked which rotates the Argon2 salt + fingerprint, produces a version-tagged opaque blob signed (HMAC-SHA256) under the old master key, and uploads via ChangeUserPrivateRequest. SecretString for all passwords; derived material wiped on error paths; daemon Request::CryptoChangePassword + SDK EmbeddedDaemon::crypto_change_password integration-tested end-to-end including lock/reunlock cycle"
crypto,psync_crypto_change_crypto_pass_unlocked,pclsync/psynclib.h:1257,"crates/pcloud-crypto/src/lib.rs; crates/pcloud-daemon/src/runtime.rs; crates/pcloud-sdk/src/lib.rs",Implemented,"CryptoShell::change_password_unlocked requires the shell to already be unlocked, rotates the Argon2 derivation salt and setup fingerprint, signs the new blob under the *current* master key so the server can prove the upload came from a live session, leaves the shell unlocked with the new key; daemon Request::CryptoChangePasswordUnlocked + SDK EmbeddedDaemon::crypto_change_password_unlocked"
crypto,psync_crypto_priv_key_flags,pclsync/psynclib.h:1265,"crates/pcloud-crypto/src/keys.rs; crates/pcloud-crypto/src/lib.rs; crates/pcloud-daemon/src/runtime.rs; crates/pcloud-sdk/src/lib.rs",Implemented,"KeyManager.private_flags (default 0, PRIV_KEY_FLAG_TEMP_PASS=1 mirrors C PSYNC_CRYPTO_FLAG_TEMP_PASS); CryptoShell::priv_key_flags getter; Method::GetCryptoPrivKeyFlags IPC; SDK EmbeddedDaemon::crypto_priv_key_flags; rotation through change_password[_unlocked] updates this value"
crypto,psync_crypto_get_hint,pclsync/psynclib.h:1199,crates/pcloud-crypto/src/lib.rs,Implemented,"CryptoShell::get_hint; hint stored non-secret"
crypto,psync_crypto_share_folder,pclsync/psynclib.h:1009,"crates/pcloud-crypto/src/share_rsa.rs; crates/pcloud-crypto/src/share_temppass.rs; crates/pcloud-proto/src/shares_api.rs (crypto_share_folder_rsa); crates/pcloud-proto/src/methods/crypto.rs (CryptoGetPubKeyRequest); crates/pcloud-backends/src/shares_backend.rs (SharesRuntime::crypto_share_folder_rsa); crates/pcloud-backends/src/crypto_backend.rs (CryptoRuntime::get_pub_key); crates/pcloud-ipc/src/methods.rs (Request::CryptoShareFolderRsa); crates/pcloud-daemon/src/runtime.rs (RuntimeShell::crypto_share_folder_rsa orchestrator); crates/pcloud-live-e2e/tests/team_share_verb.rs (live_crypto_share_folder_rsa_dispatches_verb_reached)",Implemented,"RSA-4096-OAEP path: user-facing IPC variant Request::CryptoShareFolderRsa lands the daemon-side multi-RPC orchestrator (CLAUDEREV deferred-set D6, fire 56) that fetches the recipient's pub_key_ver1 blob via crypto_getpubkey then RSA-OAEP-wraps the sharer's folder sym-key against it before dispatching the crypto-share request. Verb-reached live coverage. Live two-account E2E proof remains gated on the standing live-e2e harness — same posture as every other recently-implemented Implemented row."
crypto,psync_has_crypto_folders,pclsync/psynclib.h:1574,crates/pcloud-crypto/src/lib.rs,Implemented,"derived from CryptoShell::folders.is_empty(); also surfaced in GetCryptoStatus"
crypto,psync_update_cryptostatus,pclsync/psynclib.h:1541,,Rejected,"C internal refresh hook; Rust state is pulled on demand via GetCryptoStatus so a push refresh is unnecessary"
crypto,psync_delete_cached_crypto_keys,pclsync/psynclib.h:1612,crates/pcloud-crypto/src/lib.rs,Implemented,"equivalent to CryptoShell::stop (wipes zeroized key material); no further cache exists on the Rust path"
crypto,content sector encryption,pclsync/pcryptofolder.c,"crates/pcloud-crypto/src/content.rs; crates/pcloud-crypto/src/lib.rs",Implemented,"AES-256-GCM sealing per sector with 12-byte random nonce and 16-byte tag; sector index bound into AAD; per-file keys derived via HMAC-SHA256 from master + random file seed so the master never directly encrypts content"
crypto,metadata filename encryption,pclsync/pcryptofolder.c,crates/pcloud-crypto/src/metadata.rs,Implemented,"deterministic HMAC-SHA256 filename encoding keyed by the master key; empty / path-embedded names rejected"
shares,psync_share_folder,pclsync/psynclib.h:986,crates/pcloud-proto/src/shares_api.rs,Implemented,"SharesApi::share_folder + SharesRuntime + daemon dispatch + CLI share-folder"
shares,psync_list_sharerequests,pclsync/psynclib.h:967,crates/pcloud-proto/src/shares_api.rs,Implemented,"SharesApi::list_share_requests; dev-mode fixtures + unit tests"
shares,psync_list_shares,pclsync/psynclib.h:968,crates/pcloud-proto/src/shares_api.rs,Implemented,"SharesApi::list_shares; dev-mode fixtures + unit tests"
shares,psync_cancel_share_request,pclsync/psynclib.h:1019,crates/pcloud-proto/src/shares_api.rs,Implemented,""
shares,psync_accept_share_request,pclsync/psynclib.h:1034,crates/pcloud-proto/src/shares_api.rs,Implemented,""
shares,psync_decline_share_request,pclsync/psynclib.h:1026,crates/pcloud-proto/src/shares_api.rs,Implemented,""
shares,psync_remove_share,pclsync/psynclib.h:1043,crates/pcloud-proto/src/shares_api.rs,Implemented,""
shares,psync_modify_share,pclsync/psynclib.h:1056,crates/pcloud-proto/src/shares_api.rs,Implemented,""
shares,psync_crypto_share_folder,pclsync/psynclib.h:1009,"crates/pcloud-proto/src/shares_api.rs; crates/pcloud-crypto/src/share_temppass.rs; crates/pcloud-backends/src/shares_backend.rs; crates/pcloud-ipc/src/methods.rs (Request::CryptoShareFolder); crates/pcloud-daemon/src/runtime.rs (crypto_share_folder)",Implemented,"Duplicate row for psync_crypto_share_folder (see row 124 for RSA-4096 path). Non-RSA temppass-rewrap path now end-to-end: SharesRuntime::crypto_share_folder reachable through Request::CryptoShareFolder IPC variant with serde-bincode roundtrip via proptest; daemon dispatch arm + handler with empty-input guards, auth-token snapshot, crypto-locked precondition check, SharePermissions::from_bits decode, and audit category shares.crypto_share_folder. Temppass field uses RedactedString audit-H1 wrapper on the wire and is destructured into SecretString at the dispatch boundary. RSA-4096-OAEP path (crypto_share_folder_rsa, row 124) intentionally NOT routed through this variant — that remains tracked as row 124's reachability work. Closed by CLAUDEREV iter-2 H-5 / fire 15 (2026-04-30). Live two-account proof remains gated on the standing live-e2e harness."
shares,psync_account_stopshare,pclsync/psynclib.h:1049,crates/pcloud-proto/src/shares_api.rs,Implemented,"multi-id user+team parity mirrors do_psync_account_stopshare in pbusinessaccount.c"
shares,do_psync_account_modifyshare,pclsync/pbusinessaccount.h:35,crates/pcloud-proto/src/shares_api.rs,Implemented,"per-share permission batch modify"
shares,psync_account_teamshare,pclsync/psynclib.h:1490,crates/pcloud-proto/src/shares_api.rs,Implemented,"SharesRuntime::account_team_share + CLI account-teamshare command"
shares,psync_crypto_account_teamshare,pclsync/psynclib.h:1511,"crates/pcloud-crypto/src/share_rsa.rs; crates/pcloud-crypto/src/share_temppass.rs; crates/pcloud-proto/src/shares_api.rs (crypto_account_team_share + crypto_account_team_share_rsa); crates/pcloud-proto/src/methods/crypto.rs (CryptoGetPubKeyRequest::TeamId); crates/pcloud-backends/src/shares_backend.rs (SharesRuntime::crypto_account_team_share + crypto_account_team_share_rsa); crates/pcloud-ipc/src/methods.rs (Request::CryptoAccountTeamShare); crates/pcloud-daemon/src/runtime.rs (RuntimeShell::crypto_account_team_share dispatch arm); crates/pcloud-live-e2e/tests/team_share_verb.rs (live_crypto_account_team_share_dispatches_verb_reached)",Implemented,"PclsyncCompat temppass-rewrap path: user-facing IPC variant Request::CryptoAccountTeamShare lands the daemon dispatch arm (CLAUDEREV deferred-set D3, fire 47), with verb-reached live coverage. RSA-4096-OAEP path (crypto_account_team_share_rsa) backend exists; user-facing IPC route remains tracked under CLAUDEREV deferred-set D6."
business,psync_list_contacts,pclsync/psynclib.h:1463,crates/pcloud-backends/src/shares_backend.rs,Implemented,"contactlist + SharesRuntime::list_contacts filters type!=3"
business,psync_list_myteams,pclsync/psynclib.h:1466,crates/pcloud-backends/src/shares_backend.rs,Implemented,"contactlist + SharesRuntime::list_my_teams filters type==3"
links,psync_file_public_link,pclsync/psynclib.h:1304,crates/pcloud-backends/src/public_link_backend.rs,Implemented,"file public link create"
links,psync_folder_public_link,pclsync/psynclib.h:1366,crates/pcloud-backends/src/public_link_backend.rs,Implemented,""
links,psync_folder_public_link_full,pclsync/psynclib.h:1368,"crates/pcloud-proto/src/public_links_api.rs; crates/pcloud-backends/src/public_link_backend.rs; crates/pcloud-ipc/src/methods.rs (Request::CreateFolderPublicLinkWithOptions); crates/pcloud-daemon/src/runtime.rs (create_folder_public_link_with_options)",Implemented,"create_folder_public_link_with_options end-to-end: proto+backend (existing); IPC variant Request::CreateFolderPublicLinkWithOptions with serde-bincode roundtrip via proptest; daemon dispatch arm + handler with empty-path guard, auth-token snapshot, ACTION_UPLOAD_CREATE residency check, JSON id/code/is_folder/link payload; password field uses RedactedString audit-H1 wrapper. Closed by CLAUDEREV iter-2 H-4 / fire 12 (2026-04-30). Live two-account proof remains gated on the standing live-e2e harness."
links,psync_folder_updownlink_link,pclsync/psynclib.h:1373,"crates/pcloud-proto/src/public_links_api.rs; crates/pcloud-backends/src/public_link_backend.rs; crates/pcloud-ipc/src/methods.rs (Request::CreateFolderUpDownLink); crates/pcloud-daemon/src/runtime.rs (create_folder_updownlink)",Implemented,"create_folder_updownlink end-to-end: proto+backend (existing); IPC variant Request::CreateFolderUpDownLink with serde-bincode roundtrip via proptest; daemon dispatch arm + handler with empty-mail guard, auth-token snapshot, ACTION_UPLOAD_CREATE residency check, audit category publinks.create_folder_updownlink. Closed by CLAUDEREV iter-2 H-4 / fire 13 (2026-04-30). Live two-account proof remains gated on the standing live-e2e harness."
links,ptree_public_link,pclsync/psynclib.h:1375,"crates/pcloud-proto/src/public_links_api.rs; crates/pcloud-backends/src/public_link_backend.rs; crates/pcloud-backends/src/path_resolver.rs; crates/pcloud-ipc/src/methods.rs; crates/pcloud-daemon/src/runtime.rs; crates/pcloud-cli/src/commands.rs; crates/pcloud-sdk/src/lib.rs",Implemented,"Backend: create_tree_public_link is implemented. CLI: id-based create-tree-link is wired (Command::CreateTreeLink → Request::CreateTreePublicLink). Full path-based shape is wired through Request::CreateTreePublicLinkFromPathTargets with optional root, folder paths, and file paths; daemon resolves under authenticated PublicLinkPathResolver and calls create_tree_public_link_from_paths_default. Existing CreateTreePublicLinkFromPaths remains as a folder-only compatibility alias. CLI supports --root/--folder/--file (bare paths stay folder aliases); SDK supports mixed folder/file path classification plus explicit create_tree_public_link_from_targets. IPC proptest covers both compatibility and full target variants. Live-gated row 149 coverage in crates/pcloud-live-e2e/tests/tree_link_from_paths.rs dispatches CreateTreePublicLinkFromPathTargets with root/folder/file targets when credentials are provided."
links,psync_delete_link,pclsync/psynclib.h:1328,crates/pcloud-backends/src/public_link_backend.rs,Implemented,""
links,psync_delete_all_links_folder,pclsync/psynclib.h:1393,,Rejected,"C helper iterates local pfs links cache that the Rust daemon deliberately does not mirror; equivalent cleanup is handled via explicit list_public_links + delete_public_link/delete_upload_link"
links,psync_delete_all_links_file,pclsync/psynclib.h:1394,,Rejected,"C helper iterates local pfs links cache that the Rust daemon deliberately does not mirror; equivalent cleanup is handled via explicit list_public_links + delete_public_link/delete_upload_link"
links,psync_list_links,pclsync/psynclib.h:1331,crates/pcloud-backends/src/public_link_backend.rs,Implemented,""
links,psync_upload_link,pclsync/psynclib.h:1336,crates/pcloud-backends/src/public_link_backend.rs,Implemented,""
links,psync_delete_upload_link,pclsync/psynclib.h:1339,crates/pcloud-backends/src/public_link_backend.rs,Implemented,""
links,psync_list_upload_links,pclsync/psynclib.h:1343,crates/pcloud-backends/src/public_link_backend.rs,Implemented,""
links,psync_sow_link,pclsync/psynclib.h:1349,,Rejected,"C typo for show_link; Rust exposes show_link only"
links,psync_show_link,pclsync/psynclib.h:1380,crates/pcloud-backends/src/public_link_backend.rs,Implemented,""
links,psync_change_link,pclsync/psynclib.h:1382,crates/pcloud-backends/src/public_link_backend.rs,Implemented,""
links,psync_psync_change_link,pclsync/psynclib.h:1443,,Rejected,"C-internal duplicate symbol (double prefix)"
links,psync_change_link_expire,pclsync/psynclib.h:1452,crates/pcloud-backends/src/public_link_backend.rs,Implemented,""
links,psync_change_link_password,pclsync/psynclib.h:1454,crates/pcloud-backends/src/public_link_backend.rs,Implemented,""
links,psync_change_link_enable_upload,pclsync/psynclib.h:1456,crates/pcloud-backends/src/public_link_backend.rs,Implemented,""
links,psync_link_add_access,pclsync/psynclib.h:1432,crates/pcloud-backends/src/public_link_backend.rs,Implemented,""
links,psync_link_remove_access,pclsync/psynclib.h:1435,crates/pcloud-backends/src/public_link_backend.rs,Implemented,""
links,psync_list_email_with_access,pclsync/psynclib.h:1429,crates/pcloud-backends/src/public_link_backend.rs,Implemented,""
links,psync_cache_links_all,pclsync/psynclib.h:1396,,Rejected,"C-internal link cache warmup; Rust does not require pre-warm"
links,psync_screenshot_public_link,pclsync/psynclib.h:1402,"crates/pcloud-proto/src/public_links_api.rs; crates/pcloud-backends/src/public_link_backend.rs; crates/pcloud-ipc/src/methods.rs (Request::CreateScreenshotPublicLink); crates/pcloud-daemon/src/runtime.rs (create_screenshot_public_link)",Implemented,"create_screenshot_public_link end-to-end: proto+backend (existing); IPC variant Request::CreateScreenshotPublicLink with serde-bincode roundtrip via proptest; daemon dispatch arm + handler with empty-path guard, auth-token snapshot, ACTION_UPLOAD_CREATE residency check, JSON id/code/is_folder/link payload, audit category publinks.create_screenshot. Closed by CLAUDEREV iter-2 H-4 / fire 14 (2026-04-30). Live two-account proof remains gated on the standing live-e2e harness."
bookmarks,psync_cache_bookmarks,pclsync/psynclib.h:1438,,Rejected,"C-internal cache warmup"
bookmarks,psync_remove_bookmark,pclsync/psynclib.h:1439,crates/pcloud-backends/src/public_link_backend.rs,Implemented,""
bookmarks,psync_change_bookmark,pclsync/psynclib.h:1440,crates/pcloud-backends/src/public_link_backend.rs,Implemented,""
cli,help,control_tools.cpp:108,crates/pcloud-cli/src/app.rs,Implemented,"rich multi-line help advertises legacy aliases (?, st, p, f, q) and two-token groups (sync/s, crypto/c)"
cli,status,control_tools.cpp:239,crates/pcloud-cli/src/app.rs,Implemented,"status + legacy `st` alias"
cli,pending,control_tools.cpp:265,crates/pcloud-daemon/src/runtime.rs:1406,Implemented,"pending + legacy `p` alias (pending_transfers at runtime.rs:1406) — wave-5 citation refresh"
cli,sync list,control_tools.cpp:313,crates/pcloud-cli/src/app.rs,Implemented,"two-token legacy `sync list`/`sync ls`/`s ls` and single-token `sync-list` all resolve to Command::SyncList"
cli,sync add,control_tools.cpp:358,crates/pcloud-cli/src/app.rs,Implemented,"legacy `sync add <local> <remote>` and `s add` both resolve; positional args shift correctly via normalize_args"
cli,sync remove,control_tools.cpp:418,crates/pcloud-cli/src/app.rs,Implemented,"legacy `sync remove <id>`/`sync rm`/`s rm` and single-token `sync-remove` all resolve"
cli,sync pause,control_tools.cpp:384,crates/pcloud-cli/src/app.rs,Implemented,"legacy `sync pause`/`s pause` route to daemon-wide Pause (matches C SYNCPAUSE)"
cli,sync resume,control_tools.cpp:401,crates/pcloud-cli/src/app.rs,Implemented,"legacy `sync resume`/`s resume` route to daemon-wide Resume (matches C SYNCRESUME)"
cli,crypto start,control_tools.cpp:276,"crates/pcloud-cli/src/app.rs; crates/pcloud-daemon/src/runtime.rs",Implemented,"legacy `crypto start <pw>` / `c start <pw>` route to SubmitCryptoPassword. Password is carried in SecretInputs.crypto_password (SecretString, zeroize-on-drop). Daemon drives CryptoShell::setup+start."
cli,crypto stop,control_tools.cpp:296,"crates/pcloud-daemon/src/runtime.rs",Implemented,"legacy `crypto stop` / `c stop` route to LockCrypto; daemon drops zeroized key material"
cli,tfa,control_tools.cpp:173,crates/pcloud-cli/src/app.rs,Implemented,"legacy single-token `tfa <code>` alias routes to SubmitTwoFactorCode (non-recovery path)"
cli,auth,control_tools.cpp:193,crates/pcloud-cli/src/app.rs,Implemented,"legacy single-token `auth <password>` alias routes to SubmitPassword with empty-username slot (daemon reuses stored session username, matching SENDAUTH); password wrapped in SecretString; no echo"
cli,authsave,control_tools.cpp:216,crates/pcloud-daemon/src/runtime.rs:1100,Implemented,"authsave toggle/persist path around :1100-:1160 (sync_auth_vault, persist_profile, rollback)"
cli,finalize,control_tools.cpp:134,crates/pcloud-cli/src/app.rs,Implemented,"finalize/f/shutdown all route to Shutdown"
cli,quit,control_tools.cpp:168,crates/pcloud-cli/src/main.rs,Implemented,"quit/q/exit exits the CLI process locally without issuing any daemon RPC, matching legacy exit(0) semantics. Supersedes prior Rejected row."
sdk,embedded library shell,pclsync/psynclib.h:591,crates/pcloud-sdk/src/lib.rs,Implemented,"embedding exposes auth/session (is_authenticated/username/current_user_id/userinfo/logout/auth_token_secret), TFA helpers (send_two_factor_sms/send_two_factor_notification/submit_two_factor_code), notifications helpers, upload helpers (upload_data/upload_data_as/upload_file/upload_file_as/upload_write_from_file), upload-session facade (row 94 remains Partial for the public chunked driver route), download helpers (get_file_link/download_file), account utilities (get_api_servers/get_promo/verify_email/verify_email_restricted/lost_password/change_password/set_language/set_api_server/register), backup lifecycle (create_backup/delete_backup/stop_device/delete_backup_device), send_publink, tree public link helpers (mixed file/folder paths and explicit root/folder/file targets), folder metadata helpers (get_folder_id_by_path/get_folder_flags/get_folder_owner_id), filesystem status helper, run_localscan, remote folder creation by path, FS-level helpers: stat_path (mirrors psync_stat_path), list_folder (mirrors pfolder_list), mount/unmount lifecycle (delegates to daemon mount runtime). StatResult and FolderEntry are typed SDK return types mirroring C pentry_t; MountHelperError is the error surface for mount operations."
